CustomerID,CustomerName,Segment,City,Region,Country
C0001,Customer 0001,Consumer,Ahmedabad,West,India
C0002,Customer 0002,Consumer,Hyderabad,South,India
C0003,Customer 0003,Corporate,Mumbai,West,India
C0004,Customer 0004,Corporate,Ranchi,East,India
C0005,Customer 0005,Consumer,Jaipur,North,India
C0006,Customer 0006,Consumer,Surat,West,India
C0007,Customer 0007,Corporate,Pune,West,India
C0008,Customer 0008,Consumer,Surat,West,India
C0009,Customer 0009,Consumer,Chandigarh,North,India
C0010,Customer 0010,Consumer,Kochi,South,India
C0011,Customer 0011,Corporate,Bengaluru, south ,India
C0012,Customer 0012,Corporate,Mumbai,West,India
C0013,Customer 0013,Consumer,Guwahati,East,India
C0014,Customer 0014,Consumer,Ahmedabad,West,India
C0015,Customer 0015,Consumer,Hyderabad,South,India
C0016,Customer 0016,Consumer,Chandigarh,North,India
C0017,Customer 0017,Consumer,Ranchi,East,India
C0018,Customer 0018,Consumer,Chandigarh,North,India
C0019,Customer 0019,Corporate,Ahmedabad,West,India
C0020,Customer 0020,Consumer,Ranchi,East,India
C0021,Customer 0021,Consumer,Ahmedabad,West,India
C0022,Customer 0022,Consumer,Hyderabad,South,India
C0023,Customer 0023,Small Business,Surat,West,India
C0024,Customer 0024,Corporate,Surat,West,India
C0025,Customer 0025,Consumer,Pune,West,India
C0026,Customer 0026,Small Business,Chandigarh,North,India
C0027,Customer 0027,Consumer,Bengaluru,South,India
C0028,Customer 0028,Consumer,Jaipur,North,India
C0029,Customer 0029,Small Business,Lucknow,North,India
C0030,Customer 0030,Consumer,Bhubaneswar,East,India
C0031,Customer 0031,Consumer,Pune,West,India
C0032,Customer 0032,Corporate,Mumbai,West,India
C0033,Customer 0033,Consumer,Chennai,South,India
C0034,Customer 0034,Corporate,Bengaluru,South,India
C0035,Customer 0035,Consumer,Kochi,South,India
C0036,Customer 0036,Consumer,Jaipur,North,India
C0037,Customer 0037,Consumer,Delhi,North,India
C0038,Customer 0038,Consumer,Bengaluru,South,India
C0039,Customer 0039,Consumer,Lucknow,North,India
C0040,Customer 0040,Consumer,Ranchi,East,India
C0041,Customer 0041,Small Business,Kochi,South,India
C0042,Customer 0042,Consumer,Mumbai,West,India
C0043,Customer 0043,Consumer,Kolkata,East,India
C0044,Customer 0044,Consumer,Bengaluru,South,India
C0045,Customer 0045,Consumer,Surat,West,India
C0046,Customer 0046,Consumer,Surat,West,India
C0047,Customer 0047,Corporate,Kochi,South,India
C0048,Customer 0048,Consumer,Bengaluru,South,India
C0049,Customer 0049,Small Business,Kolkata,East,India
C0050,Customer 0050,Small Business,Lucknow,North,India
C0051,Customer 0051,Consumer,Lucknow,North,India
C0052,Customer 0052,Consumer,Jaipur,North,India
C0053,Customer 0053,Consumer,Mumbai,West,India
C0054,Customer 0054,Corporate,Kolkata,East,India
C0055,Customer 0055,Consumer,Kolkata,East,India
C0056,Customer 0056,Small Business,Ahmedabad,West,India
C0057,Customer 0057,Corporate,Kochi,South,India
C0058,Customer 0058,Corporate,Guwahati,East,India
C0059,Customer 0059,Consumer,Chandigarh,North,India
C0060,Customer 0060,Small Business,Lucknow,North,India
C0061,Customer 0061,Consumer,Kolkata,East,India
C0062,Customer 0062,Consumer,Kochi,South,India
C0063,Customer 0063,Consumer,Ranchi,East,India
C0064,Customer 0064,Small Business,Ahmedabad,West,India
C0065,Customer 0065,Consumer,Ranchi,East,India
C0066,Customer 0066,Corporate,Guwahati,East,India
C0067,Customer 0067,Consumer,Bhubaneswar,East,India
C0068,Customer 0068,Small Business,Chennai,South,India
C0069,Customer 0069,Consumer,Lucknow,North,India
C0070,Customer 0070,Consumer,Hyderabad,South,India
C0071,Customer 0071,Small Business,Delhi,North,India
C0072,Customer 0072,Consumer,Kochi,South,India
C0073,Customer 0073,Consumer,Mumbai,West,India
C0074,Customer 0074,Corporate,Jaipur,North,India
C0075,Customer 0075,Consumer,Delhi,North,India
C0076,Customer 0076,Consumer,Hyderabad,South,India
C0077,Customer 0077,Consumer,Chennai,South,India
C0078,Customer 0078,Consumer,Bhubaneswar,East,India
C0079,Customer 0079,Small Business,Guwahati,East,India
C0080,Customer 0080,Corporate,Surat,West,India
C0081,Customer 0081,Consumer,Bhubaneswar,East,India
C0082,Customer 0082,Consumer,Kochi,South,India
C0083,Customer 0083,Consumer,Pune,West,India
C0084,Customer 0084,Corporate,Delhi,North,India
C0085,Customer 0085,Small Business,Delhi,North,India
C0086,Customer 0086,Small Business,Delhi,North,India
C0087,Customer 0087,Consumer,Guwahati,East,India
C0088,Customer 0088,Consumer,Hyderabad,South,India
C0089,Customer 0089,Consumer,Chandigarh,North,India
C0090,Customer 0090,Consumer,Chennai,South,India
C0091,Customer 0091,Consumer,Lucknow,North,India
C0092,Customer 0092,Corporate,Guwahati,East,India
C0093,Customer 0093,Consumer,Bengaluru,South,India
C0094,Customer 0094,Consumer,Bengaluru,South,India
C0095,Customer 0095,Consumer,Chennai,South,India
C0096,Customer 0096,Consumer,Bhubaneswar,East,India
C0097,Customer 0097,Consumer,Kochi,South,India
C0098,Customer 0098,Consumer,Jaipur,North,India
C0099,Customer 0099,Corporate,Lucknow,North,India
C0100,Customer 0100,Consumer,Ahmedabad,West,India
C0101,Customer 0101,Consumer,Pune,West,India
C0102,Customer 0102,Consumer,Guwahati,East,India
C0103,Customer 0103,Corporate,Hyderabad,South,India
C0104,Customer 0104,Consumer,Ahmedabad,West,India
C0105,Customer 0105,Corporate,Mumbai,West,India
C0106,Customer 0106,Small Business,Guwahati,East,India
C0107,Customer 0107,Corporate,Chennai,South,India
C0108,Customer 0108,Corporate,Kochi,South,India
C0109,Customer 0109,Consumer,Lucknow,North,India
C0110,Customer 0110,Small Business,Ahmedabad,West,India
C0111,Customer 0111,Consumer,Kochi,South,India
C0112,Customer 0112,Small Business,Jaipur,North,India
C0113,Customer 0113,Consumer,Bengaluru,South,India
C0114,Customer 0114,Consumer,Guwahati,East,India
C0115,Customer 0115,Consumer,Lucknow,North,India
C0116,Customer 0116,Corporate,Mumbai,West,India
C0117,Customer 0117,Consumer,Mumbai,West,India
C0118,Customer 0118,Consumer,Bhubaneswar,East,India
C0119,Customer 0119,Corporate,Kochi,South,India
C0120,Customer 0120,Small Business,Guwahati,East,India
C0121,Customer 0121,Consumer,Ranchi,East,India
C0122,Customer 0122,Consumer,Ranchi,East,India
C0123,Customer 0123,Consumer,Jaipur,North,India
C0124,Customer 0124,Corporate,Hyderabad,South,India
C0125,Customer 0125,Consumer,Chandigarh,North,India
C0126,Customer 0126,Small Business,Bengaluru,South,India
C0127,Customer 0127,Consumer,Chennai,South,India
C0128,Customer 0128,Consumer,Jaipur,North,India
C0129,Customer 0129,Consumer,Delhi,North,India
C0130,Customer 0130,Consumer,Kolkata,East,India
C0131,Customer 0131,Corporate,Delhi,North,India
C0132,Customer 0132,Consumer,Ahmedabad,West,India
C0133,Customer 0133,Consumer,Ranchi,East,India
C0134,Customer 0134,Small Business,Kochi,South,India
C0135,Customer 0135,Small Business,Bhubaneswar,East,India
C0136,Customer 0136,Small Business,Jaipur,North,India
C0137,Customer 0137,Consumer,Surat,West,India
C0138,Customer 0138,Corporate,Hyderabad,South,India
C0139,Customer 0139,Small Business,Pune,West,India
C0140,Customer 0140,Consumer,Chandigarh,North,India
C0141,Customer 0141,Consumer,Hyderabad,South,India
C0142,Customer 0142,Corporate,Chennai,South,India
C0143,Customer 0143,Consumer,Surat,West,India
C0144,Customer 0144,Consumer,Ranchi,East,India
C0145,Customer 0145,Small Business,Bengaluru,South,India
C0146,Customer 0146,Corporate,Hyderabad,South,India
C0147,Customer 0147,Consumer,Chennai,South,India
C0148,Customer 0148,Consumer,Guwahati,East,India
C0149,Customer 0149,Consumer,Chennai,South,India
C0150,Customer 0150,Consumer,Chandigarh,North,India
C0151,Customer 0151,Corporate,Pune,West,India
C0152,Customer 0152,Corporate,Mumbai,West,India
C0153,Customer 0153,Consumer,Lucknow,North,India
C0154,Customer 0154,Consumer,Kolkata,East,India
C0155,Customer 0155,Small Business,Chandigarh,North,India
C0156,Customer 0156,Consumer,Kolkata,East,India
C0157,Customer 0157,Consumer,Bengaluru,South,India
C0158,Customer 0158,Consumer,Bhubaneswar,East,India
C0159,Customer 0159,Corporate,Ranchi,East,India
C0160,Customer 0160,Consumer,Surat,West,India
C0161,Customer 0161,Corporate,Chandigarh,North,India
C0162,Customer 0162,Consumer,Ahmedabad,West,India
C0163,Customer 0163,Corporate,Lucknow,North,India
C0164,Customer 0164,Consumer,Delhi,North,India
C0165,Customer 0165,Consumer,Ranchi,East,India
C0166,Customer 0166,Consumer,Bengaluru,South,India
C0167,Customer 0167,Consumer,Mumbai,West,India
C0168,Customer 0168,Consumer,Pune,West,India
C0169,Customer 0169,Consumer,Bengaluru,South,India
C0170,Customer 0170,Consumer,Surat,West,India
C0171,Customer 0171,Consumer,Kochi,South,India
C0172,Customer 0172,Small Business,Chennai,South,India
C0173,Customer 0173,Consumer,Kochi,South,India
C0174,Customer 0174,Corporate,Surat,West,India
C0175,Customer 0175,Small Business,Lucknow,North,India
C0176,Customer 0176,Consumer,Lucknow,North,India
C0177,Customer 0177,Corporate,Hyderabad,South,India
C0178,Customer 0178,Small Business,Mumbai,West,India
C0179,Customer 0179,Corporate,Surat,West,India
C0180,Customer 0180,Consumer,Ahmedabad,West,India
C0181,Customer 0181,Consumer,Surat,West,India
C0182,Customer 0182,Consumer,Surat,West,India
C0183,Customer 0183,Consumer,Bengaluru,South,India
C0184,Customer 0184,Small Business,Chennai,South,India
C0185,Customer 0185,Small Business,Mumbai,West,India
C0186,Customer 0186,Consumer,Kolkata,East,India
C0187,Customer 0187,Corporate,Kochi,South,India
C0188,Customer 0188,Consumer,Lucknow,North,India
C0189,Customer 0189,Small Business,Surat,West,India
C0190,Customer 0190,Consumer,Kochi,South,India
C0191,Customer 0191,Small Business,Ahmedabad,West,India
C0192,Customer 0192,Corporate,Hyderabad,South,India
C0193,Customer 0193,Consumer,Lucknow,North,India
C0194,Customer 0194,Consumer,Ahmedabad,West,India
C0195,Customer 0195,Corporate,Jaipur,North,India
C0196,Customer 0196,Consumer,Delhi,North,India
C0197,Customer 0197,Consumer,Guwahati,East,India
C0198,Customer 0198,Small Business,Surat,West,India
C0199,Customer 0199,Consumer,Jaipur,North,India
C0200,Customer 0200,Consumer,Chennai,South,India
C0201,Customer 0201,Consumer,Mumbai,West,India
C0202,Customer 0202,Consumer,Mumbai,West,India
C0203,Customer 0203,Small Business,Hyderabad,South,India
C0204,Customer 0204,Consumer,Jaipur,North,India
C0205,Customer 0205,Consumer,Lucknow,North,India
C0206,Customer 0206,Consumer,Lucknow,North,India
C0207,Customer 0207,Small Business,Chandigarh,North,India
C0208,Customer 0208,Consumer,Ranchi,East,India
C0209,Customer 0209,Small Business,Jaipur,North,India
C0210,Customer 0210,Corporate,Chennai,South,India
C0211,Customer 0211,Corporate,Ranchi,East,India
C0212,Customer 0212,Small Business,Kolkata,East,India
C0213,Customer 0213,Corporate,Jaipur,North,India
C0214,Customer 0214,Small Business,Surat,West,India
C0215,Customer 0215,Consumer,Guwahati,East,India
C0216,Customer 0216,Corporate,Ranchi,East,India
C0217,Customer 0217,Consumer,Delhi,North,India
C0218,Customer 0218,Consumer,Jaipur,North,India
C0219,Customer 0219,Small Business,Surat,West,India
C0220,Customer 0220,Small Business,Hyderabad,South,India
C0221,Customer 0221,Corporate,Kochi,South,India
C0222,Customer 0222,Consumer,Chennai,South,India
C0223,Customer 0223,Consumer,Guwahati,East,India
C0224,Customer 0224,Consumer,Pune,West,India
C0225,Customer 0225,Consumer,Kochi,South,India
C0226,Customer 0226,Consumer,Mumbai,West,India
C0227,Customer 0227,Consumer,Chandigarh,North,India
C0228,Customer 0228,Consumer,Kolkata,East,India
C0229,Customer 0229,Corporate,Guwahati,East,India
C0230,Customer 0230,Consumer,Delhi,North,India
C0231,Customer 0231,Small Business,Chandigarh,North,India
C0232,Customer 0232,Corporate,Kochi,South,India
C0233,Customer 0233,Consumer,Pune,West,India
C0234,Customer 0234,Consumer,Kolkata,East,India
C0235,Customer 0235,Consumer,Mumbai,West,India
C0236,Customer 0236,Small Business,Mumbai,West,India
C0237,Customer 0237,Consumer,Kochi,South,India
C0238,Customer 0238,Consumer,Ahmedabad,West,India
C0239,Customer 0239,Small Business,Lucknow,North,India
C0240,Customer 0240,Small Business,Delhi,North,India
C0241,Customer 0241,Consumer,Pune,West,India
C0242,Customer 0242,Consumer,Mumbai,West,India
C0243,Customer 0243,Consumer,Chandigarh,North,India
C0244,Customer 0244,Consumer,Guwahati,East,India
C0245,Customer 0245,Consumer,Ranchi,East,India
C0246,Customer 0246,Consumer,Pune,West,India
C0247,Customer 0247,Small Business,Ranchi,East,India
C0248,Customer 0248,Consumer,Hyderabad,South,India
C0249,Customer 0249,Corporate,Chennai,South,India
C0250,Customer 0250,Consumer,Kochi,South,India
C0251,Customer 0251,Corporate,Bhubaneswar,East,India
C0252,Customer 0252,Corporate,Mumbai,West,India
C0253,Customer 0253,Small Business,Kochi,South,India
C0254,Customer 0254,Small Business,Kochi,South,India
C0255,Customer 0255,Consumer,Delhi,North,India
C0256,Customer 0256,Consumer,Surat,West,India
C0257,Customer 0257,Consumer,Surat,West,India
C0258,Customer 0258,Consumer,Lucknow,North,India
C0259,Customer 0259,Small Business,Chandigarh,North,India
C0260,Customer 0260,Consumer,Guwahati,East,India
C0261,Customer 0261,Corporate,Jaipur,North,India
C0262,Customer 0262,Consumer,Ahmedabad,West,India
C0263,Customer 0263,Consumer,Hyderabad,South,India
C0264,Customer 0264,Consumer,Jaipur,North,India
C0265,Customer 0265,Corporate,Ahmedabad,West,India
C0266,Customer 0266,Corporate,Jaipur,North,India
C0267,Customer 0267,Consumer,Hyderabad,South,India
C0268,Customer 0268,Consumer,Delhi,North,India
C0269,Customer 0269,Corporate,Delhi,North,India
C0270,Customer 0270,Consumer,Lucknow,North,India
C0271,Customer 0271,Small Business,Lucknow,North,India
C0272,Customer 0272,Consumer,Jaipur,North,India
C0273,Customer 0273,Consumer,Delhi,North,India
C0274,Customer 0274,Consumer,Ranchi,East,India
C0275,Customer 0275,Consumer,Kolkata,East,India
C0276,Customer 0276,Consumer,Chennai,South,India
C0277,Customer 0277,Consumer,Chennai,South,India
C0278,Customer 0278,Small Business,Bengaluru,South,India
C0279,Customer 0279,Consumer,Surat,West,India
C0280,Customer 0280,Consumer,Ahmedabad,West,India
C0281,Customer 0281,Consumer,Chandigarh,North,India
C0282,Customer 0282,Consumer,Jaipur,North,India
C0283,Customer 0283,Corporate,Delhi,North,India
C0284,Customer 0284,Consumer,Chennai,South,India
C0285,Customer 0285,Corporate,Guwahati,East,India
C0286,Customer 0286,Consumer,Chennai,South,India
C0287,Customer 0287,Small Business,Lucknow,North,India
C0288,Customer 0288,Consumer,Bengaluru,South,India
C0289,Customer 0289,Small Business,Kolkata,East,India
C0290,Customer 0290,Consumer,Jaipur,North,India
C0291,Customer 0291,Consumer,Surat,West,India
C0292,Customer 0292,Corporate,Chandigarh,North,India
C0293,Customer 0293,Corporate,Mumbai,West,India
C0294,Customer 0294,Corporate,Lucknow,North,India
C0295,Customer 0295,Consumer,Pune,West,India
C0296,Customer 0296,Corporate,Mumbai,West,India
C0297,Customer 0297,Small Business,Ahmedabad,West,India
C0298,Customer 0298,Corporate,Pune,West,India
C0299,Customer 0299,Consumer,Surat,West,India
C0300,Customer 0300,Corporate,Bhubaneswar,East,India
C0301,Customer 0301,Corporate,Ahmedabad,West,India
C0302,Customer 0302,Small Business,Jaipur,North,India
C0303,Customer 0303,Consumer,Kolkata,East,India
C0304,Customer 0304,Consumer,Chennai,South,India
C0305,Customer 0305,Corporate,Mumbai,West,India
C0306,Customer 0306,Consumer,Hyderabad,South,India
C0307,Customer 0307,Corporate,Kochi,South,India
C0308,Customer 0308,Consumer,Ranchi,East,India
C0309,Customer 0309,Consumer,Chennai,South,India
C0310,Customer 0310,Corporate,Chandigarh,North,India
C0311,Customer 0311,Consumer,Hyderabad,South,India
C0312,Customer 0312,Consumer,Hyderabad,South,India
C0313,Customer 0313,Corporate,Lucknow,North,India
C0314,Customer 0314,Corporate,Bengaluru,South,India
C0315,Customer 0315,Small Business,Bengaluru,South,India
C0316,Customer 0316,Consumer,Chennai,South,India
C0317,Customer 0317,Consumer,Chennai,South,India
C0318,Customer 0318,Small Business,Bhubaneswar,East,India
C0319,Customer 0319,Consumer,Kochi,South,India
C0320,Customer 0320,Consumer,Mumbai,West,India
C0321,Customer 0321,Consumer,Surat,West,India
C0322,Customer 0322,Consumer,Hyderabad,South,India
C0323,Customer 0323,Small Business,Hyderabad,South,India
C0324,Customer 0324,Corporate,Guwahati,East,India
C0325,Customer 0325,Corporate,Mumbai,West,India
C0326,Customer 0326,Consumer,Guwahati,East,India
C0327,Customer 0327,Consumer,Mumbai,West,India
C0328,Customer 0328,Consumer,Guwahati,East,India
C0329,Customer 0329,Consumer,Guwahati,East,India
C0330,Customer 0330,Consumer,Hyderabad,South,India
C0331,Customer 0331,Consumer,Bhubaneswar,East,India
C0332,Customer 0332,Consumer,Chandigarh,North,India
C0333,Customer 0333,Consumer,Bhubaneswar,East,India
C0334,Customer 0334,Corporate,Mumbai,West,India
C0335,Customer 0335,Consumer,Jaipur,North,India
C0336,Customer 0336,Consumer,Kolkata,East,India
C0337,Customer 0337,Corporate,Chandigarh,North,India
C0338,Customer 0338,Corporate,Guwahati,East,India
C0339,Customer 0339,Corporate,Delhi,North,India
C0340,Customer 0340,Consumer,Surat,West,India
C0341,Customer 0341,Corporate,Chandigarh,North,India
C0342,Customer 0342,Consumer,Mumbai,West,India
C0343,Customer 0343,Consumer,Ahmedabad,West,India
C0344,Customer 0344,Consumer,Guwahati,East,India
C0345,Customer 0345,Consumer,Ahmedabad,West,India
C0346,Customer 0346,Consumer,Surat,West,India
C0347,Customer 0347,Consumer,Pune,West,India
C0348,Customer 0348,Corporate,Kochi,South,India
C0349,Customer 0349,Consumer,Bhubaneswar,East,India
C0350,Customer 0350,Consumer,Jaipur,North,India
C0351,Customer 0351,Consumer,Kolkata,East,India
C0352,Customer 0352,Consumer,Jaipur,North,India
C0353,Customer 0353,Consumer,Bhubaneswar,East,India
C0354,Customer 0354,Consumer,Guwahati,East,India
C0355,Customer 0355,Consumer,Kochi,South,India
C0356,Customer 0356,Corporate,Ranchi,East,India
C0357,Customer 0357,Small Business,Surat,West,India
C0358,Customer 0358,Consumer,Mumbai,West,India
C0359,Customer 0359,Corporate,Bengaluru,South,India
C0360,Customer 0360,Small Business,Ranchi,East,India
C0361,Customer 0361,Small Business,Pune,West,India
C0362,Customer 0362,Corporate,Delhi,North,India
C0363,Customer 0363,Small Business,Chandigarh,North,India
C0364,Customer 0364,Small Business,Lucknow,North,India
C0365,Customer 0365,Corporate,Bhubaneswar,East,India
C0366,Customer 0366,Consumer,Bengaluru,South,India
C0367,Customer 0367,Consumer,Ahmedabad,West,India
C0368,Customer 0368,Consumer,Kolkata,East,India
C0369,Customer 0369,Consumer,Chennai,South,India
C0370,Customer 0370,Consumer,Mumbai,West,India
C0371,Customer 0371,Consumer,Ahmedabad,West,India
C0372,Customer 0372,Consumer,Chennai,South,India
C0373,Customer 0373,Consumer,Kochi,South,India
C0374,Customer 0374,Corporate,Chennai,South,India
C0375,Customer 0375,Consumer,Delhi,North,India
C0376,Customer 0376,Consumer,Delhi,North,India
C0377,Customer 0377,Corporate,Mumbai,West,India
C0378,Customer 0378,Corporate,Chennai,South,India
C0379,Customer 0379,Small Business,Bengaluru,South,India
C0380,Customer 0380,Small Business,Bhubaneswar,East,India
C0381,Customer 0381,Small Business,Ranchi,East,India
C0382,Customer 0382,Consumer,Surat,West,India
C0383,Customer 0383,Consumer,Ahmedabad,West,India
C0384,Customer 0384,Consumer,Kochi,South,India
C0385,Customer 0385,Corporate,Kochi,South,India
C0386,Customer 0386,Small Business,Ahmedabad,West,India
C0387,Customer 0387,Consumer,Ranchi,East,India
C0388,Customer 0388,Consumer,Mumbai,West,India
C0389,Customer 0389,Consumer,Lucknow,North,India
C0390,Customer 0390,Consumer,Pune,West,India
C0391,Customer 0391,Consumer,Guwahati,East,India
C0392,Customer 0392,Consumer,Lucknow,North,India
C0393,Customer 0393,Small Business,Bhubaneswar,East,India
C0394,Customer 0394,Consumer,Kolkata,East,India
C0395,Customer 0395,Corporate,Chandigarh,North,India
C0396,Customer 0396,Corporate,Chennai,South,India
C0397,Customer 0397,Consumer,Surat,West,India
C0398,Customer 0398,Consumer,Kochi,South,India
C0399,Customer 0399,Corporate,Hyderabad,South,India
C0400,Customer 0400,Consumer,Kochi,South,India
C0401,Customer 0401,Small Business,Chennai,South,India
C0402,Customer 0402,Consumer,Pune,West,India
C0403,Customer 0403,Corporate,Surat,West,India
C0404,Customer 0404,Corporate,Jaipur,North,India
C0405,Customer 0405,Consumer,Ahmedabad,West,India
C0406,Customer 0406,Consumer,Pune,West,India
C0407,Customer 0407,Small Business,Hyderabad,South,India
C0408,Customer 0408,Consumer,Surat,West,India
C0409,Customer 0409,Consumer,Chandigarh,North,India
C0410,Customer 0410,Consumer,Mumbai,West,India
C0411,Customer 0411,Consumer,Kolkata,East,India
C0412,Customer 0412,Corporate,Kolkata,East,India
C0413,Customer 0413,Corporate,Chandigarh,North,India
C0414,Customer 0414,Consumer,Ahmedabad,West,India
C0415,Customer 0415,Corporate,Lucknow,North,India
C0416,Customer 0416,Consumer,Bengaluru,South,India
C0417,Customer 0417,Consumer,Lucknow,North,India
C0418,Customer 0418,Consumer,Ahmedabad,West,India
C0419,Customer 0419,Small Business,Delhi,North,India
C0420,Customer 0420,Consumer,Pune,West,India
C0421,Customer 0421,Consumer,Bhubaneswar,East,India
C0422,Customer 0422,Consumer,Lucknow,North,India
C0423,Customer 0423,Corporate,Lucknow,North,India
C0424,Customer 0424,Consumer,Lucknow,North,India
C0425,Customer 0425,Consumer,Guwahati,East,India
C0426,Customer 0426,Corporate,Pune,West,India
C0427,Customer 0427,Consumer,Chandigarh,North,India
C0428,Customer 0428,Consumer,Surat,West,India
C0429,Customer 0429,Consumer,Delhi,North,India
C0430,Customer 0430,Consumer,Pune,West,India
C0431,Customer 0431,Consumer,Mumbai,West,India
C0432,Customer 0432,Small Business,Pune,West,India
C0433,Customer 0433,Corporate,Bhubaneswar,East,India
C0434,Customer 0434,Corporate,Mumbai,West,India
C0435,Customer 0435,Small Business,Chandigarh,North,India
C0436,Customer 0436,Consumer,Lucknow,North,India
C0437,Customer 0437,Consumer,Jaipur,North,India
C0438,Customer 0438,Small Business,Kochi,South,India
C0439,Customer 0439,Consumer,Surat,West,India
C0440,Customer 0440,Corporate,Ranchi,East,India
C0441,Customer 0441,Corporate,Pune,West,India
C0442,Customer 0442,Consumer,Lucknow,North,India
C0443,Customer 0443,Consumer,Ranchi,East,India
C0444,Customer 0444,Consumer,Lucknow,North,India
C0445,Customer 0445,Consumer,Chennai,South,India
C0446,Customer 0446,Consumer,Kolkata,East,India
C0447,Customer 0447,Consumer,Ahmedabad,West,India
C0448,Customer 0448,Corporate,Ranchi,East,India
C0449,Customer 0449,Small Business,Lucknow,North,India
C0450,Customer 0450,Corporate,Guwahati,East,India
C0451,Customer 0451,Consumer,Delhi,North,India
C0452,Customer 0452,Consumer,Pune,West,India
C0453,Customer 0453,Consumer,Guwahati,East,India
C0454,Customer 0454,Consumer,Jaipur,North,India
C0455,Customer 0455,Small Business,Chandigarh,North,India
C0456,Customer 0456,Consumer,Chandigarh,North,India
C0457,Customer 0457,Consumer,Mumbai,West,India
C0458,Customer 0458,Corporate,Chennai,South,India
C0459,Customer 0459,Consumer,Ahmedabad,West,India
C0460,Customer 0460,Consumer,Kolkata,East,India
C0461,Customer 0461,Consumer,Ranchi,East,India
C0462,Customer 0462,Corporate,Delhi,North,India
C0463,Customer 0463,Corporate,Ahmedabad,West,India
C0464,Customer 0464,Consumer,Chennai,South,India
C0465,Customer 0465,Small Business,Ranchi,East,India
C0466,Customer 0466,Small Business,Ranchi,East,India
C0467,Customer 0467,Corporate,Guwahati,East,India
C0468,Customer 0468,Consumer,Ahmedabad,West,India
C0469,Customer 0469,Consumer,Jaipur,North,India
C0470,Customer 0470,Small Business,Hyderabad,South,India
C0471,Customer 0471,Consumer,Bengaluru,South,India
C0472,Customer 0472,Corporate,Chennai,South,India
C0473,Customer 0473,Corporate,Delhi,North,India
C0474,Customer 0474,Consumer,Chandigarh,North,India
C0475,Customer 0475,Corporate,Hyderabad,South,India
C0476,Customer 0476,Small Business,Bengaluru,South,India
C0477,Customer 0477,Corporate,Bengaluru,South,India
C0478,Customer 0478,Consumer,Ranchi,East,India
C0479,Customer 0479,Small Business,Bhubaneswar,East,India
C0480,Customer 0480,Consumer,Bengaluru,South,India
C0481,Customer 0481,Corporate,Hyderabad,South,India
C0482,Customer 0482,Corporate,Jaipur,North,India
C0483,Customer 0483,Corporate,Ranchi,East,India
C0484,Customer 0484,Consumer,Kochi,South,India
C0485,Customer 0485,Consumer,Lucknow,North,India
C0486,Customer 0486,Consumer,Hyderabad,South,India
C0487,Customer 0487,Consumer,Chennai,South,India
C0488,Customer 0488,Consumer,Lucknow,North,India
C0489,Customer 0489,Corporate,Bhubaneswar,East,India
C0490,Customer 0490,Consumer,Bhubaneswar,East,India
C0491,Customer 0491,Corporate,Ranchi,East,India
C0492,Customer 0492,Small Business,Ranchi,East,India
C0493,Customer 0493,Consumer,Bhubaneswar,East,India
C0494,Customer 0494,Corporate,Hyderabad,South,India
C0495,Customer 0495,Corporate,Surat,West,India
C0496,Customer 0496,Consumer,Ranchi,East,India
C0497,Customer 0497,Consumer,Bengaluru,South,India
C0498,Customer 0498,Corporate,Guwahati,East,India
C0499,Customer 0499,Small Business,Bengaluru,South,India
C0500,Customer 0500,Corporate,Kochi,South,India
C0501,Customer 0501,Small Business,Kolkata,East,India
C0502,Customer 0502,Small Business,Surat,West,India
C0503,Customer 0503,Consumer,Mumbai,West,India
C0504,Customer 0504,Corporate,Chennai,South,India
C0505,Customer 0505,Consumer,Kolkata,East,India
C0506,Customer 0506,Small Business,Surat,West,India
C0507,Customer 0507,Consumer,Chennai,South,India
C0508,Customer 0508,Consumer,Ahmedabad,West,India
C0509,Customer 0509,Small Business,Bengaluru,South,India
C0510,Customer 0510,Consumer,Chandigarh,North,India
C0511,Customer 0511,Corporate,Lucknow,North,India
C0512,Customer 0512,Consumer,Surat,West,India
C0513,Customer 0513,Small Business,Delhi,North,India
C0514,Customer 0514,Small Business,Chennai,South,India
C0515,Customer 0515,Consumer,Chennai,South,India
C0516,Customer 0516,Corporate,Jaipur,North,India
C0517,Customer 0517,Consumer,Hyderabad,South,India
C0518,Customer 0518,Corporate,Mumbai,West,India
C0519,Customer 0519,Corporate,Lucknow,North,India
C0520,Customer 0520,Corporate,Mumbai,West,India
C0521,Customer 0521,Consumer,Pune,West,India
C0522,Customer 0522,Consumer,Kochi,South,India
C0523,Customer 0523,Corporate,Jaipur,North,India
C0524,Customer 0524,Consumer,Bhubaneswar,East,India
C0525,Customer 0525,Consumer,Lucknow,North,India
C0526,Customer 0526,Consumer,Chennai,South,India
C0527,Customer 0527,Consumer,Ahmedabad,West,India
C0528,Customer 0528,Small Business,Mumbai,West,India
C0529,Customer 0529,Consumer,Mumbai,West,India
C0530,Customer 0530,Consumer,Chennai,South,India
C0531,Customer 0531,Small Business,Guwahati,East,India
C0532,Customer 0532,Consumer,Ranchi,East,India
C0533,Customer 0533,Corporate,Chennai,South,India
C0534,Customer 0534,Consumer,Ranchi,East,India
C0535,Customer 0535,Small Business,Jaipur,North,India
C0536,Customer 0536,Corporate,Delhi,North,India
C0537,Customer 0537,Small Business,Guwahati,East,India
C0538,Customer 0538,Consumer,Jaipur,North,India
C0539,Customer 0539,Consumer,Chandigarh,North,India
C0540,Customer 0540,Corporate,Pune,West,India
C0541,Customer 0541,Consumer,Pune,West,India
C0542,Customer 0542,Consumer,Guwahati,East,India
C0543,Customer 0543,Consumer,Ahmedabad,West,India
C0544,Customer 0544,Small Business,Pune,West,India
C0545,Customer 0545,Corporate,Chandigarh,North,India
C0546,Customer 0546,Corporate,Chennai,South,India
C0547,Customer 0547,Corporate,Chennai,South,India
C0548,Customer 0548,Consumer,Chandigarh,North,India
C0549,Customer 0549,Consumer,Pune,West,India
C0550,Customer 0550,Consumer,Hyderabad,South,India
C0551,Customer 0551,Corporate,Bengaluru,South,India
C0552,Customer 0552,Consumer,Jaipur,North,India
C0553,Customer 0553,Small Business,Delhi,North,India
C0554,Customer 0554,Corporate,Pune,West,India
C0555,Customer 0555,Consumer,Lucknow,North,India
C0556,Customer 0556,Consumer,Lucknow,North,India
C0557,Customer 0557,Consumer,Hyderabad,South,India
C0558,Customer 0558,Small Business,Hyderabad,South,India
C0559,Customer 0559,Small Business,Kolkata,East,India
C0560,Customer 0560,Small Business,Chennai,South,India
C0561,Customer 0561,Consumer,Jaipur,North,India
C0562,Customer 0562,Consumer,Kochi,South,India
C0563,Customer 0563,Consumer,Ahmedabad,West,India
C0564,Customer 0564,Consumer,Ranchi,East,India
C0565,Customer 0565,Consumer,Bhubaneswar,East,India
C0566,Customer 0566,Consumer,Kolkata,East,India
C0567,Customer 0567,Small Business,Mumbai,West,India
C0568,Customer 0568,Consumer,Jaipur,North,India
C0569,Customer 0569,Consumer,Hyderabad,South,India
C0570,Customer 0570,Corporate,Bhubaneswar,East,India
C0571,Customer 0571,Corporate,Kochi,South,India
C0572,Customer 0572,Corporate,Ahmedabad,West,India
C0573,Customer 0573,Corporate,Chennai,South,India
C0574,Customer 0574,Small Business,Mumbai,West,India
C0575,Customer 0575,Corporate,Ahmedabad,West,India
C0576,Customer 0576,Consumer,Hyderabad,South,India
C0577,Customer 0577,Corporate,Mumbai,West,India
C0578,Customer 0578,Consumer,Bhubaneswar,East,India
C0579,Customer 0579,Consumer,Pune,West,India
C0580,Customer 0580,Consumer,Hyderabad,South,India
C0581,Customer 0581,Consumer,Bengaluru,South,India
C0582,Customer 0582,Corporate,Ranchi,East,India
C0583,Customer 0583,Consumer,Chandigarh,North,India
C0584,Customer 0584,Consumer,Chennai,South,India
C0585,Customer 0585,Consumer,Mumbai,West,India
C0586,Customer 0586,Corporate,Ranchi,East,India
C0587,Customer 0587,Consumer,Delhi,North,India
C0588,Customer 0588,Corporate,Kochi,South,India
C0589,Customer 0589,Small Business,Chandigarh,North,India
C0590,Customer 0590,Consumer,Lucknow,North,India
C0591,Customer 0591,Corporate,Mumbai,West,India
C0592,Customer 0592,Consumer,Bengaluru,South,India
C0593,Customer 0593,Consumer,Kochi,South,India
C0594,Customer 0594,Corporate,Ranchi,East,India
C0595,Customer 0595,Small Business,Jaipur,North,India
C0596,Customer 0596,Consumer,Bengaluru,South,India
C0597,Customer 0597,Consumer,Ranchi,East,India
C0598,Customer 0598,Consumer,Bhubaneswar,East,India
C0599,Customer 0599,Consumer,Surat,West,India
C0600,Customer 0600,Corporate,Ranchi,East,India
C0601,Customer 0601,Corporate,Kochi,South,India
C0602,Customer 0602,Corporate,Ahmedabad,West,India
C0603,Customer 0603,Consumer,Ahmedabad,West,India
C0604,Customer 0604,Corporate,Guwahati,East,India
C0605,Customer 0605,Corporate,Mumbai,West,India
C0606,Customer 0606,Corporate,Pune,West,India
C0607,Customer 0607,Consumer,Ahmedabad,West,India
C0608,Customer 0608,Consumer,Lucknow,North,India
C0609,Customer 0609,Consumer,Guwahati,East,India
C0610,Customer 0610,Consumer,Hyderabad,South,India
C0611,Customer 0611,Consumer,Kolkata,East,India
C0612,Customer 0612,Consumer,Bhubaneswar,East,India
C0613,Customer 0613,Corporate,Ahmedabad,West,India
C0614,Customer 0614,Consumer,Surat,West,India
C0615,Customer 0615,Corporate,Chennai,South,India
C0616,Customer 0616,Consumer,Kolkata,East,India
C0617,Customer 0617,Corporate,Pune,West,India
C0618,Customer 0618,Consumer,Bengaluru,South,India
C0619,Customer 0619,Consumer,Jaipur,North,India
C0620,Customer 0620,Corporate,Jaipur,North,India
C0621,Customer 0621,Small Business,Surat,West,India
C0622,Customer 0622,Consumer,Kochi,South,India
C0623,Customer 0623,Consumer,Mumbai,West,India
C0624,Customer 0624,Corporate,Bengaluru,South,India
C0625,Customer 0625,Corporate,Pune,West,India
C0626,Customer 0626,Consumer,Bengaluru,South,India
C0627,Customer 0627,Consumer,Surat,West,India
C0628,Customer 0628,Consumer,Delhi,North,India
C0629,Customer 0629,Small Business,Kolkata,East,India
C0630,Customer 0630,Consumer,Surat,West,India
C0631,Customer 0631,Consumer,Surat,West,India
C0632,Customer 0632,Small Business,Mumbai,West,India
C0633,Customer 0633,Consumer,Chandigarh,North,India
C0634,Customer 0634,Consumer,Hyderabad,South,India
C0635,Customer 0635,Consumer,Jaipur,North,India
C0636,Customer 0636,Consumer,Lucknow,North,India
C0637,Customer 0637,Consumer,Bhubaneswar,East,India
C0638,Customer 0638,Consumer,Kolkata,East,India
C0639,Customer 0639,Corporate,Pune,West,India
C0640,Customer 0640,Corporate,Ahmedabad,West,India
C0641,Customer 0641,Consumer,Guwahati,East,India
C0642,Customer 0642,Consumer,Ahmedabad,West,India
C0643,Customer 0643,Consumer,Lucknow,North,India
C0644,Customer 0644,Small Business,Lucknow,North,India
C0645,Customer 0645,Consumer,Bhubaneswar,East,India
C0646,Customer 0646,Corporate,Pune,West,India
C0647,Customer 0647,Consumer,Jaipur,North,India
C0648,Customer 0648,Corporate,Chennai,South,India
C0649,Customer 0649,Consumer,Bhubaneswar,East,India
C0650,Customer 0650,Corporate,Delhi,North,India
C0651,Customer 0651,Consumer,Chennai,South,India
C0652,Customer 0652,Small Business,Ahmedabad,West,India
C0653,Customer 0653,Consumer,Ranchi,East,India
C0654,Customer 0654,Corporate,Lucknow,North,India
C0655,Customer 0655,Corporate,Pune,West,India
C0656,Customer 0656,Small Business,Bengaluru,South,India
C0657,Customer 0657,Consumer,Mumbai,West,India
C0658,Customer 0658,Consumer,Chennai,South,India
C0659,Customer 0659,Consumer,Guwahati,East,India
C0660,Customer 0660,Consumer,Kochi,South,India
C0661,Customer 0661,Corporate,Kochi,South,India
C0662,Customer 0662,Small Business,Mumbai,West,India
C0663,Customer 0663,Small Business,Jaipur,North,India
C0664,Customer 0664,Consumer,Chandigarh,North,India
C0665,Customer 0665,Corporate,Bengaluru,South,India
C0666,Customer 0666,Small Business,Guwahati,East,India
C0667,Customer 0667,Small Business,Mumbai,West,India
C0668,Customer 0668,Consumer,Pune,West,India
C0669,Customer 0669,Consumer,Hyderabad,South,India
C0670,Customer 0670,Corporate,Chennai,South,India
C0671,Customer 0671,Consumer,Jaipur,North,India
C0672,Customer 0672,Consumer,Bhubaneswar,East,India
C0673,Customer 0673,Small Business,Surat,West,India
C0674,Customer 0674,Small Business,Kolkata,East,India
C0675,Customer 0675,Small Business,Kolkata,East,India
C0676,Customer 0676,Corporate,Hyderabad,South,India
C0677,Customer 0677,Consumer,Pune,West,India
C0678,Customer 0678,Consumer,Hyderabad,South,India
C0679,Customer 0679,Consumer,Delhi,North,India
C0680,Customer 0680,Consumer,Hyderabad,South,India
C0681,Customer 0681,Consumer,Lucknow,North,India
C0682,Customer 0682,Corporate,Delhi,North,India
C0683,Customer 0683,Consumer,Chandigarh,North,India
C0684,Customer 0684,Corporate,Kochi,South,India
C0685,Customer 0685,Consumer,Guwahati,East,India
C0686,Customer 0686,Consumer,Bengaluru,South,India
C0687,Customer 0687,Consumer,Bengaluru,South,India
C0688,Customer 0688,Consumer,Surat,West,India
C0689,Customer 0689,Small Business,Surat,West,India
C0690,Customer 0690,Consumer,Bhubaneswar,East,India
C0691,Customer 0691,Consumer,Chennai,South,India
C0692,Customer 0692,Corporate,Surat,West,India
C0693,Customer 0693,Consumer,Delhi,North,India
C0694,Customer 0694,Consumer,Bengaluru,South,India
C0695,Customer 0695,Consumer,Surat,West,India
C0696,Customer 0696,Consumer,Kolkata,East,India
C0697,Customer 0697,Corporate,Surat,West,India
C0698,Customer 0698,Consumer,Bhubaneswar,East,India
C0699,Customer 0699,Consumer,Ranchi,East,India
C0700,Customer 0700,Consumer,Bengaluru,South,India
C0701,Customer 0701,Corporate,Kochi,South,India
C0702,Customer 0702,Consumer,Bengaluru,South,India
C0703,Customer 0703,Corporate,Delhi,North,India
C0704,Customer 0704,Consumer,Ahmedabad,West,India
C0705,Customer 0705,Corporate,Hyderabad,South,India
C0706,Customer 0706,Consumer,Ranchi,East,India
C0707,Customer 0707,Consumer,Mumbai,West,India
C0708,Customer 0708,Consumer,Mumbai,West,India
C0709,Customer 0709,Corporate,Hyderabad,South,India
C0710,Customer 0710,Small Business,Kochi,South,India
C0711,Customer 0711,Consumer,Pune,West,India
C0712,Customer 0712,Consumer,Ranchi,East,India
C0713,Customer 0713,Small Business,Surat,West,India
C0714,Customer 0714,Consumer,Surat,West,India
C0715,Customer 0715,Consumer,Ahmedabad,West,India
C0716,Customer 0716,Consumer,Jaipur,North,India
C0717,Customer 0717,Corporate,Guwahati,East,India
C0718,Customer 0718,Corporate,Jaipur,North,India
C0719,Customer 0719,Corporate,Guwahati,East,India
C0720,Customer 0720,Small Business,Ahmedabad,West,India
C0721,Customer 0721,Consumer,Chennai,South,India
C0722,Customer 0722,Consumer,Hyderabad,South,India
C0723,Customer 0723,Consumer,Lucknow,North,India
C0724,Customer 0724,Consumer,Surat,West,India
C0725,Customer 0725,Consumer,Jaipur,North,India
C0726,Customer 0726,Consumer,Delhi,North,India
C0727,Customer 0727,Consumer,Hyderabad,South,India
C0728,Customer 0728,Corporate,Chandigarh,North,India
C0729,Customer 0729,Consumer,Bengaluru,South,India
C0730,Customer 0730,Consumer,Bengaluru,South,India
C0731,Customer 0731,Corporate,Hyderabad,South,India
C0732,Customer 0732,Corporate,Lucknow,North,India
C0733,Customer 0733,Corporate,Jaipur,North,India
C0734,Customer 0734,Corporate,Chennai,South,India
C0735,Customer 0735,Corporate,Delhi,North,India
C0736,Customer 0736,Consumer,Guwahati,East,India
C0737,Customer 0737,Consumer,Delhi,North,India
C0738,Customer 0738,Corporate,Kochi,South,India
C0739,Customer 0739,Consumer,Kochi,South,India
C0740,Customer 0740,Consumer,Kochi,South,India
C0741,Customer 0741,Consumer,Chandigarh,North,India
C0742,Customer 0742,Consumer,Delhi,North,India
C0743,Customer 0743,Consumer,Pune,West,India
C0744,Customer 0744,Consumer,Lucknow,North,India
C0745,Customer 0745,Corporate,Bengaluru,South,India
C0746,Customer 0746,Small Business,Kochi,South,India
C0747,Customer 0747,Consumer,Bengaluru,South,India
C0748,Customer 0748,Small Business,Bengaluru,South,India
C0749,Customer 0749,Consumer,Mumbai,West,India
C0750,Customer 0750,Small Business,Surat,West,India
C0751,Customer 0751,Small Business,Hyderabad,South,India
C0752,Customer 0752,Consumer,Chennai,South,India
C0753,Customer 0753,Corporate,Hyderabad,South,India
C0754,Customer 0754,Small Business,Hyderabad,South,India
C0755,Customer 0755,Small Business,Guwahati,East,India
C0756,Customer 0756,Small Business,Jaipur,North,India
C0757,Customer 0757,Consumer,Bengaluru,South,India
C0758,Customer 0758,Consumer,Pune,West,India
C0759,Customer 0759,Corporate,Jaipur,North,India
C0760,Customer 0760,Corporate,Bengaluru,South,India
C0761,Customer 0761,Corporate,Bhubaneswar,East,India
C0762,Customer 0762,Consumer,Delhi,North,India
C0763,Customer 0763,Consumer,Lucknow,North,India
C0764,Customer 0764,Consumer,Delhi,North,India
C0765,Customer 0765,Corporate,Mumbai,West,India
C0766,Customer 0766,Consumer,Jaipur,North,India
C0767,Customer 0767,Corporate,Delhi,North,India
C0768,Customer 0768,Corporate,Chandigarh,North,India
C0769,Customer 0769,Consumer,Chandigarh,North,India
C0770,Customer 0770,Consumer,Kolkata,East,India
C0771,Customer 0771,Consumer,Kochi,South,India
C0772,Customer 0772,Small Business,Guwahati,East,India
C0773,Customer 0773,Corporate,Kolkata,East,India
C0774,Customer 0774,Consumer,Ahmedabad,West,India
C0775,Customer 0775,Consumer,Jaipur,North,India
C0776,Customer 0776,Consumer,Ahmedabad,West,India
C0777,Customer 0777,Consumer,Guwahati,East,India
C0778,Customer 0778,Small Business,Lucknow,North,India
C0779,Customer 0779,Corporate,Pune,West,India
C0780,Customer 0780,Consumer,Pune,West,India
C0781,Customer 0781,Small Business,Hyderabad,South,India
C0782,Customer 0782,Consumer,Surat,West,India
C0783,Customer 0783,Small Business,Hyderabad,South,India
C0784,Customer 0784,Consumer,Kolkata,East,India
C0785,Customer 0785,Corporate,Pune,West,India
C0786,Customer 0786,Small Business,Hyderabad,South,India
C0787,Customer 0787,Consumer,Mumbai,West,India
C0788,Customer 0788,Corporate,Kochi,South,India
C0789,Customer 0789,Small Business,Surat,West,India
C0790,Customer 0790,Consumer,Ranchi,East,India
C0791,Customer 0791,Consumer,Delhi,North,India
C0792,Customer 0792,Corporate,Hyderabad,South,India
C0793,Customer 0793,Consumer,Hyderabad,South,India
C0794,Customer 0794,Consumer,Jaipur,North,India
C0795,Customer 0795,Consumer,Lucknow,North,India
C0796,Customer 0796,Corporate,Chennai,South,India
C0797,Customer 0797,Consumer,Jaipur,North,India
C0798,Customer 0798,Consumer,Jaipur,North,India
C0799,Customer 0799,Corporate,Ranchi,East,India
C0800,Customer 0800,Consumer,Ranchi,East,India
C0801,Customer 0801,Corporate,Bhubaneswar,East,India
C0802,Customer 0802,Consumer,Kochi,South,India
C0803,Customer 0803,Small Business,Mumbai,West,India
C0804,Customer 0804,Corporate,Bhubaneswar,East,India
C0805,Customer 0805,Consumer,Jaipur,North,India
C0806,Customer 0806,Small Business,Delhi,North,India
C0807,Customer 0807,Consumer,Bhubaneswar,East,India
C0808,Customer 0808,Consumer,Jaipur,North,India
C0809,Customer 0809,Consumer,Hyderabad,South,India
C0810,Customer 0810,Corporate,Mumbai,West,India
C0811,Customer 0811,Consumer,Chandigarh,North,India
C0812,Customer 0812,Consumer,Delhi,North,India
C0813,Customer 0813,Consumer,Ahmedabad,West,India
C0814,Customer 0814,Consumer,Bhubaneswar,East,India
C0815,Customer 0815,Consumer,Jaipur,North,India
C0816,Customer 0816,Consumer,Ahmedabad,West,India
C0817,Customer 0817,Consumer,Surat,West,India
C0818,Customer 0818,Consumer,Kolkata,East,India
C0819,Customer 0819,Corporate,Ranchi,East,India
C0820,Customer 0820,Consumer,Bengaluru,South,India
C0821,Customer 0821,Corporate,Delhi,North,India
C0822,Customer 0822,Consumer,Kolkata,East,India
C0823,Customer 0823,Consumer,Bengaluru,South,India
C0824,Customer 0824,Consumer,Ranchi,East,India
C0825,Customer 0825,Consumer,Mumbai,West,India
C0826,Customer 0826,Consumer,Jaipur,North,India
C0827,Customer 0827,Corporate,Bhubaneswar,East,India
C0828,Customer 0828,Consumer,Delhi,North,India
C0829,Customer 0829,Consumer,Pune,West,India
C0830,Customer 0830,Corporate,Bengaluru,South,India
C0831,Customer 0831,Consumer,Bhubaneswar,East,India
C0832,Customer 0832,Consumer,Guwahati,East,India
C0833,Customer 0833,Consumer,Hyderabad,South,India
C0834,Customer 0834,Consumer,Bhubaneswar,East,India
C0835,Customer 0835,Consumer,Ranchi,East,India
C0836,Customer 0836,Corporate,Guwahati,East,India
C0837,Customer 0837,Small Business,Pune,West,India
C0838,Customer 0838,Consumer,Pune,West,India
C0839,Customer 0839,Corporate,Bengaluru,South,India
C0840,Customer 0840,Corporate,Kochi,South,India
C0841,Customer 0841,Consumer,Lucknow,North,India
C0842,Customer 0842,Corporate,Pune,West,India
C0843,Customer 0843,Corporate,Guwahati,East,India
C0844,Customer 0844,Small Business,Hyderabad,South,India
C0845,Customer 0845,Small Business,Jaipur,North,India
C0846,Customer 0846,Consumer,Mumbai,West,India
C0847,Customer 0847,Consumer,Kochi,South,India
C0848,Customer 0848,Consumer,Ranchi,East,India
C0849,Customer 0849,Consumer,Lucknow,North,India
C0850,Customer 0850,Consumer,Surat,West,India
C0851,Customer 0851,Small Business,Lucknow,North,India
C0852,Customer 0852,Consumer,Jaipur,North,India
C0853,Customer 0853,Consumer,Mumbai,West,India
C0854,Customer 0854,Corporate,Pune,West,India
C0855,Customer 0855,Consumer,Delhi,North,India
C0856,Customer 0856,Consumer,Bengaluru,South,India
C0857,Customer 0857,Small Business,Ranchi,East,India
C0858,Customer 0858,Consumer,Surat,West,India
C0859,Customer 0859,Consumer,Hyderabad,South,India
C0860,Customer 0860,Consumer,Hyderabad,South,India
C0861,Customer 0861,Small Business,Mumbai,West,India
C0862,Customer 0862,Consumer,Kolkata,East,India
C0863,Customer 0863,Consumer,Surat,West,India
C0864,Customer 0864,Consumer,Bhubaneswar,East,India
C0865,Customer 0865,Consumer,Jaipur,North,India
C0866,Customer 0866,Small Business,Pune,West,India
C0867,Customer 0867,Consumer,Mumbai,West,India
C0868,Customer 0868,Small Business,Surat,West,India
C0869,Customer 0869,Consumer,Lucknow,North,India
C0870,Customer 0870,Consumer,Jaipur,North,India
C0871,Customer 0871,Small Business,Pune,West,India
C0872,Customer 0872,Consumer,Jaipur,North,India
C0873,Customer 0873,Consumer,Surat,West,India
C0874,Customer 0874,Small Business,Hyderabad,South,India
C0875,Customer 0875,Consumer,Bhubaneswar,East,India
C0876,Customer 0876,Consumer,Pune,West,India
C0877,Customer 0877,Small Business,Hyderabad,South,India
C0878,Customer 0878,Consumer,Chennai,South,India
C0879,Customer 0879,Consumer,Guwahati,East,India
C0880,Customer 0880,Consumer,Kolkata,East,India
C0881,Customer 0881,Consumer,Bengaluru,South,India
C0882,Customer 0882,Consumer,Ranchi,East,India
C0883,Customer 0883,Corporate,Pune,West,India
C0884,Customer 0884,Consumer,Chennai,South,India
C0885,Customer 0885,Corporate,Jaipur,North,India
C0886,Customer 0886,Consumer,Chennai,South,India
C0887,Customer 0887,Consumer,Kochi,South,India
C0888,Customer 0888,Consumer,Delhi,North,India
C0889,Customer 0889,Corporate,Lucknow,North,India
C0890,Customer 0890,Consumer,Kolkata,East,India
C0891,Customer 0891,Consumer,Chennai,South,India
C0892,Customer 0892,Small Business,Ahmedabad,West,India
C0893,Customer 0893,Consumer,Kochi,South,India
C0894,Customer 0894,Consumer,Delhi,North,India
C0895,Customer 0895,Small Business,Ahmedabad,West,India
C0896,Customer 0896,Consumer,Mumbai,West,India
C0897,Customer 0897,Consumer,Bengaluru,South,India
C0898,Customer 0898,Consumer,Lucknow,North,India
C0899,Customer 0899,Consumer,Jaipur,North,India
C0900,Customer 0900,Consumer,Bhubaneswar,East,India
C0901,Customer 0901,Corporate,Hyderabad,South,India
C0902,Customer 0902,Consumer,Chennai,South,India
C0903,Customer 0903,Corporate,Chandigarh,North,India
C0904,Customer 0904,Small Business,Chennai,South,India
C0905,Customer 0905,Corporate,Pune,West,India
C0906,Customer 0906,Corporate,Ranchi,East,India
C0907,Customer 0907,Corporate,Chennai,South,India
C0908,Customer 0908,Small Business,Chandigarh,North,India
C0909,Customer 0909,Consumer,Hyderabad,South,India
C0910,Customer 0910,Consumer,Kochi,South,India
C0911,Customer 0911,Consumer,Pune,West,India
C0912,Customer 0912,Consumer,Surat,West,India
C0913,Customer 0913,Consumer,Pune,West,India
C0914,Customer 0914,Corporate,Ahmedabad,West,India
C0915,Customer 0915,Consumer,Surat,West,India
C0916,Customer 0916,Small Business,Pune,West,India
C0917,Customer 0917,Consumer,Delhi,North,India
C0918,Customer 0918,Consumer,Jaipur,North,India
C0919,Customer 0919,Consumer,Bengaluru,South,India
C0920,Customer 0920,Consumer,Bhubaneswar,East,India
C0921,Customer 0921,Consumer,Lucknow,North,India
C0922,Customer 0922,Consumer,Pune,West,India
C0923,Customer 0923,Consumer,Guwahati,East,India
C0924,Customer 0924,Consumer,Guwahati,East,India
C0925,Customer 0925,Consumer,Delhi,North,India
C0926,Customer 0926,Consumer,Chennai,South,India
C0927,Customer 0927,Consumer,Jaipur,North,India
C0928,Customer 0928,Consumer,Mumbai,West,India
C0929,Customer 0929,Consumer,Bhubaneswar,East,India
C0930,Customer 0930,Consumer,Bhubaneswar,East,India
C0931,Customer 0931,Consumer,Kochi,South,India
C0932,Customer 0932,Corporate,Bengaluru,South,India
C0933,Customer 0933,Small Business,Kochi,South,India
C0934,Customer 0934,Small Business,Pune,West,India
C0935,Customer 0935,Consumer,Ahmedabad,West,India
C0936,Customer 0936,Consumer,Jaipur,North,India
C0937,Customer 0937,Consumer,Pune,West,India
C0938,Customer 0938,Corporate,Lucknow,North,India
C0939,Customer 0939,Corporate,Mumbai,West,India
C0940,Customer 0940,Corporate,Delhi,North,India
C0941,Customer 0941,Small Business,Kochi,South,India
C0942,Customer 0942,Consumer,Ahmedabad,West,India
C0943,Customer 0943,Corporate,Lucknow,North,India
C0944,Customer 0944,Corporate,Chennai,South,India
C0945,Customer 0945,Consumer,Bengaluru,South,India
C0946,Customer 0946,Small Business,Bengaluru,South,India
C0947,Customer 0947,Consumer,Bhubaneswar,East,India
C0948,Customer 0948,Small Business,Mumbai,West,India
C0949,Customer 0949,Corporate,Surat,West,India
C0950,Customer 0950,Consumer,Bengaluru,South,India
C0951,Customer 0951,Corporate,Ranchi,East,India
C0952,Customer 0952,Consumer,Bengaluru,South,India
C0953,Customer 0953,Corporate,Bengaluru,South,India
C0954,Customer 0954,Corporate,Chandigarh,North,India
C0955,Customer 0955,Corporate,Mumbai,West,India
C0956,Customer 0956,Small Business,Pune,West,India
C0957,Customer 0957,Consumer,Pune,West,India
C0958,Customer 0958,Consumer,Hyderabad,South,India
C0959,Customer 0959,Consumer,Hyderabad,South,India
C0960,Customer 0960,Consumer,Kolkata,East,India
C0961,Customer 0961,Consumer,Kolkata,East,India
C0962,Customer 0962,Consumer,Bengaluru,South,India
C0963,Customer 0963,Consumer,Delhi,North,India
C0964,Customer 0964,Consumer,Delhi,North,India
C0965,Customer 0965,Small Business,Pune,West,India
C0966,Customer 0966,Consumer,Hyderabad,South,India
C0967,Customer 0967,Small Business,Pune,West,India
C0968,Customer 0968,Consumer,Chandigarh,North,India
C0969,Customer 0969,Consumer,Bhubaneswar,East,India
C0970,Customer 0970,Consumer,Jaipur,North,India
C0971,Customer 0971,Consumer,Chennai,South,India
C0972,Customer 0972,Consumer,Delhi,North,India
C0973,Customer 0973,Consumer,Chandigarh,North,India
C0974,Customer 0974,Consumer,Mumbai,West,India
C0975,Customer 0975,Consumer,Chennai,South,India
C0976,Customer 0976,Consumer,Ranchi,East,India
C0977,Customer 0977,Consumer,Chennai,South,India
C0978,Customer 0978,Corporate,Bengaluru,South,India
C0979,Customer 0979,Consumer,Guwahati,East,India
C0980,Customer 0980,Small Business,Delhi,North,India
C0981,Customer 0981,Corporate,Mumbai,West,India
C0982,Customer 0982,Small Business,Mumbai,West,India
C0983,Customer 0983,Corporate,Surat,West,India
C0984,Customer 0984,Consumer,Kochi,South,India
C0985,Customer 0985,Consumer,Jaipur,North,India
C0986,Customer 0986,Consumer,Ahmedabad,West,India
C0987,Customer 0987,Corporate,Hyderabad,South,India
C0988,Customer 0988,Corporate,Jaipur,North,India
C0989,Customer 0989,Consumer,Hyderabad,South,India
C0990,Customer 0990,Small Business,Surat,West,India
C0991,Customer 0991,Consumer,Guwahati,East,India
C0992,Customer 0992,Consumer,Mumbai,West,India
C0993,Customer 0993,Corporate,Pune,West,India
C0994,Customer 0994,Consumer,Lucknow,North,India
C0995,Customer 0995,Corporate,Pune,West,India
C0996,Customer 0996,Corporate,Bengaluru,South,India
C0997,Customer 0997,Consumer,Ranchi,East,India
C0998,Customer 0998,Consumer,Jaipur,North,India
C0999,Customer 0999,Consumer,Ahmedabad,West,India
C1000,Customer 1000,Corporate,Chennai,South,India
C1001,Customer 1001,Consumer,Delhi,North,India
C1002,Customer 1002,Small Business,Chennai,South,India
C1003,Customer 1003,Small Business,Chandigarh,North,India
C1004,Customer 1004,Consumer,Lucknow,North,India
C1005,Customer 1005,Consumer,Bhubaneswar,East,India
C1006,Customer 1006,Corporate,Bengaluru,South,India
C1007,Customer 1007,Corporate,Pune,West,India
C1008,Customer 1008,Consumer,Kochi,South,India
C1009,Customer 1009,Consumer,Bhubaneswar,East,India
C1010,Customer 1010,Consumer,Chennai,South,India
C1011,Customer 1011,Small Business,Guwahati,East,India
C1012,Customer 1012,Consumer,Guwahati,East,India
C1013,Customer 1013,Small Business,Chennai,South,India
C1014,Customer 1014,Consumer,Surat,West,India
C1015,Customer 1015,Small Business,Hyderabad,South,India
C1016,Customer 1016,Consumer,Delhi,North,India
C1017,Customer 1017,Consumer,Bhubaneswar,East,India
C1018,Customer 1018,Small Business,Surat,West,India
C1019,Customer 1019,Small Business,Chandigarh,North,India
C1020,Customer 1020,Consumer,Hyderabad,South,India
C1021,Customer 1021,Consumer,Ahmedabad,West,India
C1022,Customer 1022,Consumer,Ahmedabad,West,India
C1023,Customer 1023,Consumer,Surat,West,India
C1024,Customer 1024,Consumer,Kolkata,East,India
C1025,Customer 1025,Small Business,Guwahati,East,India
C1026,Customer 1026,Consumer,Hyderabad,South,India
C1027,Customer 1027,Corporate,Mumbai,West,India
C1028,Customer 1028,Consumer,Hyderabad,South,India
C1029,Customer 1029,Consumer,Kolkata,East,India
C1030,Customer 1030,Corporate,Chennai,South,India
C1031,Customer 1031,Consumer,Bhubaneswar,East,India
C1032,Customer 1032,Corporate,Kolkata,East,India
C1033,Customer 1033,Consumer,Kochi,South,India
C1034,Customer 1034,Small Business,Mumbai,West,India
C1035,Customer 1035,Corporate,Chennai,South,India
C1036,Customer 1036,Small Business,Ranchi,East,India
C1037,Customer 1037,Consumer,Kochi,South,India
C1038,Customer 1038,Consumer,Bengaluru,South,India
C1039,Customer 1039,Consumer,Chennai,South,India
C1040,Customer 1040,Consumer,Jaipur,North,India
C1041,Customer 1041,Consumer,Lucknow,North,India
C1042,Customer 1042,Consumer,Ranchi,East,India
C1043,Customer 1043,Consumer,Guwahati,East,India
C1044,Customer 1044,Consumer,Kolkata,East,India
C1045,Customer 1045,Consumer,Lucknow,North,India
C1046,Customer 1046,Consumer,Bengaluru,South,India
C1047,Customer 1047,Consumer,Delhi,North,India
C1048,Customer 1048,Corporate,Ahmedabad,West,India
C1049,Customer 1049,Consumer,Ahmedabad,West,India
C1050,Customer 1050,Consumer,Bengaluru,South,India
C1051,Customer 1051,Consumer,Kolkata,East,India
C1052,Customer 1052,Corporate,Jaipur,North,India
C1053,Customer 1053,Consumer,Chennai,South,India
C1054,Customer 1054,Corporate,Jaipur,North,India
C1055,Customer 1055,Small Business,Chennai,South,India
C1056,Customer 1056,Consumer,Guwahati,East,India
C1057,Customer 1057,Small Business,Pune,West,India
C1058,Customer 1058,Corporate,Chandigarh,North,India
C1059,Customer 1059,Consumer,Bhubaneswar,East,India
C1060,Customer 1060,Consumer,Guwahati,East,India
C1061,Customer 1061,Corporate,Ahmedabad,West,India
C1062,Customer 1062,Small Business,Guwahati,East,India
C1063,Customer 1063,Consumer,Hyderabad,South,India
C1064,Customer 1064,Consumer,Kolkata,East,India
C1065,Customer 1065,Consumer,Kochi,South,India
C1066,Customer 1066,Consumer,Ahmedabad,West,India
C1067,Customer 1067,Corporate,Hyderabad,South,India
C1068,Customer 1068,Consumer,Ranchi,East,India
C1069,Customer 1069,Corporate,Lucknow,North,India
C1070,Customer 1070,Small Business,Hyderabad,South,India
C1071,Customer 1071,Corporate,Surat,West,India
C1072,Customer 1072,Corporate,Bhubaneswar,East,India
C1073,Customer 1073,Corporate,Hyderabad,South,India
C1074,Customer 1074,Corporate,Pune,West,India
C1075,Customer 1075,Small Business,Ahmedabad,West,India
C1076,Customer 1076,Consumer,Bengaluru,South,India
C1077,Customer 1077,Consumer,Ranchi,East,India
C1078,Customer 1078,Consumer,Bengaluru,South,India
C1079,Customer 1079,Small Business,Guwahati,East,India
C1080,Customer 1080,Corporate,Bengaluru,South,India
C1081,Customer 1081,Consumer,Bengaluru,South,India
C1082,Customer 1082,Consumer,Surat,West,India
C1083,Customer 1083,Consumer,Surat,West,India
C1084,Customer 1084,Corporate,Mumbai,West,India
C1085,Customer 1085,Consumer,Mumbai,West,India
C1086,Customer 1086,Consumer,Surat,West,India
C1087,Customer 1087,Small Business,Surat,West,India
C1088,Customer 1088,Corporate,Mumbai,West,India
C1089,Customer 1089,Consumer,Hyderabad,South,India
C1090,Customer 1090,Consumer,Chennai,South,India
C1091,Customer 1091,Small Business,Hyderabad,South,India
C1092,Customer 1092,Corporate,Bhubaneswar,East,India
C1093,Customer 1093,Corporate,Bengaluru,South,India
C1094,Customer 1094,Consumer,Chennai,South,India
C1095,Customer 1095,Consumer,Guwahati,East,India
C1096,Customer 1096,Consumer,Kochi,South,India
C1097,Customer 1097,Corporate,Delhi,North,India
C1098,Customer 1098,Consumer,Surat,West,India
C1099,Customer 1099,Consumer,Ahmedabad,West,India
C1100,Customer 1100,Corporate,Lucknow,North,India
C1101,Customer 1101,Small Business,Lucknow,North,India
C1102,Customer 1102,Corporate,Bengaluru,South,India
C1103,Customer 1103,Consumer,Mumbai,West,India
C1104,Customer 1104,Consumer,Surat,West,India
C1105,Customer 1105,Consumer,Delhi,North,India
C1106,Customer 1106,Consumer,Mumbai,West,India
C1107,Customer 1107,Consumer,Chandigarh,North,India
C1108,Customer 1108,Consumer,Kochi,South,India
C1109,Customer 1109,Corporate,Surat,West,India
C1110,Customer 1110,Small Business,Jaipur,North,India
C1111,Customer 1111,Small Business,Delhi,North,India
C1112,Customer 1112,Consumer,Chennai,South,India
C1113,Customer 1113,Consumer,Guwahati,East,India
C1114,Customer 1114,Consumer,Mumbai,West,India
C1115,Customer 1115,Consumer,Ahmedabad,West,India
C1116,Customer 1116,Consumer,Delhi,North,India
C1117,Customer 1117,Consumer,Chandigarh,North,India
C1118,Customer 1118,Corporate,Mumbai,West,India
C1119,Customer 1119,Consumer,Hyderabad,South,India
C1120,Customer 1120,Small Business,Surat,West,India
C1121,Customer 1121,Consumer,Kolkata,East,India
C1122,Customer 1122,Consumer,Lucknow,North,India
C1123,Customer 1123,Consumer,Ahmedabad,West,India
C1124,Customer 1124,Consumer,Lucknow,North,India
C1125,Customer 1125,Consumer,Kochi,South,India
C1126,Customer 1126,Small Business,Kolkata,East,India
C1127,Customer 1127,Consumer,Hyderabad,South,India
C1128,Customer 1128,Consumer,Guwahati,East,India
C1129,Customer 1129,Consumer,Kolkata,East,India
C1130,Customer 1130,Consumer,Pune,West,India
C1131,Customer 1131,Corporate,Surat,West,India
C1132,Customer 1132,Consumer,Hyderabad,South,India
C1133,Customer 1133,Corporate,Chandigarh,North,India
C1134,Customer 1134,Consumer,Bhubaneswar,East,India
C1135,Customer 1135,Consumer,Surat,West,India
C1136,Customer 1136,Corporate,Chennai,South,India
C1137,Customer 1137,Small Business,Bengaluru,South,India
C1138,Customer 1138,Consumer,Hyderabad,South,India
C1139,Customer 1139,Consumer,Lucknow,North,India
C1140,Customer 1140,Consumer,Kolkata,East,India
C1141,Customer 1141,Consumer,Chennai,South,India
C1142,Customer 1142,Consumer,Pune,West,India
C1143,Customer 1143,Corporate,Mumbai,West,India
C1144,Customer 1144,Consumer,Ahmedabad,West,India
C1145,Customer 1145,Corporate,Chennai,South,India
C1146,Customer 1146,Consumer,Bengaluru,South,India
C1147,Customer 1147,Small Business,Pune,West,India
C1148,Customer 1148,Corporate,Surat,West,India
C1149,Customer 1149,Consumer,Kochi,South,India
C1150,Customer 1150,Consumer,Ahmedabad,West,India
C1151,Customer 1151,Consumer,Chandigarh,North,India
C1152,Customer 1152,Small Business,Surat,West,India
C1153,Customer 1153,Consumer,Delhi,North,India
C1154,Customer 1154,Consumer,Jaipur,North,India
C1155,Customer 1155,Consumer,Guwahati,East,India
C1156,Customer 1156,Corporate,Jaipur,North,India
C1157,Customer 1157,Consumer,Delhi,North,India
C1158,Customer 1158,Consumer,Jaipur,North,India
C1159,Customer 1159,Small Business,Hyderabad,South,India
C1160,Customer 1160,Consumer,Surat,West,India
C1161,Customer 1161,Corporate,Delhi,North,India
C1162,Customer 1162,Consumer,Guwahati,East,India
C1163,Customer 1163,Consumer,Surat,West,India
C1164,Customer 1164,Small Business,Chandigarh,North,India
C1165,Customer 1165,Corporate,Jaipur,North,India
C1166,Customer 1166,Corporate,Mumbai,West,India
C1167,Customer 1167,Consumer,Ahmedabad,West,India
C1168,Customer 1168,Consumer,Guwahati,East,India
C1169,Customer 1169,Consumer,Mumbai,West,India
C1170,Customer 1170,Consumer,Delhi,North,India
C1171,Customer 1171,Consumer,Hyderabad,South,India
C1172,Customer 1172,Consumer,Kolkata,East,India
C1173,Customer 1173,Consumer,Chennai,South,India
C1174,Customer 1174,Consumer,Mumbai,West,India
C1175,Customer 1175,Consumer,Kochi,South,India
C1176,Customer 1176,Consumer,Ahmedabad,West,India
C1177,Customer 1177,Small Business,Kochi,South,India
C1178,Customer 1178,Corporate,Bengaluru,South,India
C1179,Customer 1179,Consumer,Delhi,North,India
C1180,Customer 1180,Corporate,Jaipur,North,India
C1181,Customer 1181,Corporate,Ahmedabad,West,India
C1182,Customer 1182,Consumer,Lucknow,North,India
C1183,Customer 1183,Consumer,Lucknow,North,India
C1184,Customer 1184,Consumer,Lucknow,North,India
C1185,Customer 1185,Consumer,Delhi,North,India
C1186,Customer 1186,Corporate,Pune,West,India
C1187,Customer 1187,Small Business,Kochi,South,India
C1188,Customer 1188,Consumer,Ahmedabad,West,India
C1189,Customer 1189,Corporate,Lucknow,North,India
C1190,Customer 1190,Consumer,Guwahati,East,India
C1191,Customer 1191,Corporate,Bengaluru,South,India
C1192,Customer 1192,Corporate,Chennai,South,India
C1193,Customer 1193,Consumer,Surat,West,India
C1194,Customer 1194,Consumer,Ahmedabad,West,India
C1195,Customer 1195,Corporate,Mumbai,West,India
C1196,Customer 1196,Small Business,Delhi,North,India
C1197,Customer 1197,Consumer,Lucknow,North,India
C1198,Customer 1198,Consumer,Ranchi,East,India
C1199,Customer 1199,Consumer,Kochi,South,India
C1200,Customer 1200,Consumer,Kolkata,East,India
