SalespersonID,SalespersonName,Region
S001,Salesperson 01,North
S002,Salesperson 02,South
S003,Salesperson 03,East
S004,Salesperson 04,West
S005,Salesperson 05,North
S006,Salesperson 06,South
S007,Salesperson 07,East
S008,Salesperson 08,West
S009,Salesperson 09,North
S010,Salesperson 10,South
S011,Salesperson 11,East
S012,Salesperson 12,West
S013,Salesperson 13,North
S014,Salesperson 14,South
S015,Salesperson 15,East
S016,Salesperson 16,West
S017,Salesperson 17,North
S018,Salesperson 18,South
S019,Salesperson 19,East
S020,Salesperson 20,West
